{
    "Right Ascension": 10.7103335232173,
    "Declination": 41.245668619898716,
    "Pixel Scale (arcsec/pixel)": 3.1455004168174687,
    "Orientation (degrees)": 158.15328874238884,
    "Field Radius": 2.5499711157939022,
    "Parity": 1.0
}