{
    "Right Ascension": 10.7104819354081,
    "Declination": 41.245427533987396,
    "Pixel Scale (arcsec/pixel)": 3.145515669824168,
    "Orientation (degrees)": 158.17718286380165,
    "Field Radius": 2.549983480989057,
    "Parity": 1.0
}