{
    "Right Ascension": 10.710198077480067,
    "Declination": 41.24531154468638,
    "Pixel Scale (arcsec/pixel)": 3.145521035962078,
    "Orientation (degrees)": 158.18530414075082,
    "Field Radius": 2.549987831170224,
    "Parity": 1.0
}