{
    "Right Ascension": 10.706723965741649,
    "Declination": 41.297057156190604,
    "Pixel Scale (arcsec/pixel)": 3.143954243074916,
    "Orientation (degrees)": -20.835559274924183,
    "Field Radius": 2.548717675049648,
    "Parity": 1.0
}