{
    "Right Ascension": 10.710008862479572,
    "Declination": 41.246969863121464,
    "Pixel Scale (arcsec/pixel)": 3.1440151562120615,
    "Orientation (degrees)": 158.70919243468296,
    "Field Radius": 2.5487670556631308,
    "Parity": 1.0
}