{
    "Right Ascension": 10.710044986482767,
    "Declination": 41.24687309604171,
    "Pixel Scale (arcsec/pixel)": 3.1440290372787536,
    "Orientation (degrees)": 158.70852923170273,
    "Field Radius": 2.5487783086640627,
    "Parity": 1.0
}