{
    "Right Ascension": 10.709938666629919,
    "Declination": 41.24684958316124,
    "Pixel Scale (arcsec/pixel)": 3.1440284417150712,
    "Orientation (degrees)": 158.70781892181617,
    "Field Radius": 2.5487778258568823,
    "Parity": 1.0
}