{
    "Right Ascension": 10.708692899097908,
    "Declination": 41.24643918556427,
    "Pixel Scale (arcsec/pixel)": 3.1443212224662984,
    "Orientation (degrees)": 157.34483593586526,
    "Field Radius": 2.5490151752003753,
    "Parity": 1.0
}