{
    "Right Ascension": 10.709143230574162,
    "Declination": 41.24627082586053,
    "Pixel Scale (arcsec/pixel)": 3.1443469987557244,
    "Orientation (degrees)": 157.33651389588857,
    "Field Radius": 2.549036071332882,
    "Parity": 1.0
}