{
    "Right Ascension": 10.706327852395852,
    "Declination": 41.296957628296866,
    "Pixel Scale (arcsec/pixel)": 3.1439178794388605,
    "Orientation (degrees)": -20.835257615927688,
    "Field Radius": 2.548688196044937,
    "Parity": 1.0
}